{
 "Я": 0.13163972286374134,
 "Д": 0.08314087759815242,
 " ": 0.08314087759815242,
 "4": 0.07621247113163972,
 "t": 0.06928406466512702,
 "М": 0.06697459584295612,
 "О": 0.050808314087759814,
 "Р": 0.050808314087759814,
 "П": 0.03464203233256351,
 "Б": 0.03233256351039261,
 "К": 0.02771362586605081,
 "Л": 0.02771362586605081,
 "5": 0.02771362586605081,
 "2": 0.025404157043879907,
 "Ь": 0.020785219399538105,
 "Ъ": 0.018475750577367205,
 "Щ": 0.018475750577367205,
 "У": 0.018475750577367205,
 "Й": 0.016166281755196306,
 "r": 0.013856812933025405,
 "Х": 0.013856812933025405,
 "Т": 0.013856812933025405,
 ">": 0.013856812933025405,
 "Е": 0.011547344110854504,
 "И": 0.009237875288683603,
 "1": 0.009237875288683603,
 "Ы": 0.009237875288683603,
 "А": 0.009237875288683603,
 "Ц": 0.004618937644341801,
 "-": 0.0023094688221709007,
 "Ч": 0.0023094688221709007,
 "w": 0.0023094688221709007,
 "Ф": 0.0023094688221709007,
 "?": 0.0023094688221709007
}