{
 " ": 0.13194444444444445,
 "О": 0.08333333333333333,
 "И": 0.08333333333333333,
 "Е": 0.0763888888888889,
 "А": 0.06944444444444445,
 "Н": 0.06712962962962964,
 "Т": 0.05092592592592592,
 "С": 0.05092592592592592,
 "Р": 0.034722222222222224,
 "В": 0.032407407407407406,
 "М": 0.027777777777777776,
 "Л": 0.027777777777777776,
 "Д": 0.027777777777777776,
 "Я": 0.02546296296296296,
 "К": 0.020833333333333332,
 "П": 0.018518518518518517,
 "З": 0.018518518518518517,
 "Ы": 0.018518518518518517,
 "Ь": 0.016203703703703703,
 "У": 0.013888888888888888,
 "Ч": 0.013888888888888888,
 "Ж": 0.013888888888888888,
 "Г": 0.013888888888888888,
 "Х": 0.011574074074074073,
 "Ф": 0.009259259259259259,
 "Й": 0.009259259259259259,
 "Ю": 0.009259259259259259,
 "Б": 0.009259259259259259,
 "Ц": 0.004629629629629629,
 "Ш": 0.0023148148148148147,
 "Щ": 0.0023148148148148147,
 "Э": 0.0023148148148148147,
 "Ъ": 0.0023148148148148147
}